<nodeDefs>
  <nodeDef id="CONTROLLER" nls="CTR">
    <editors />
    <sts>
      <st id="ST" editor="CTR_BOOL" />
      <st id="GV0" editor="CTR_BOOL" />
      <st id="GV1" editor="CTR_BOOL" />
    </sts>
    <cmds>
      <sends />
      <accepts>
        <cmd id="QUERY" />
      </accepts>
    </cmds>
  </nodeDef>
  <nodeDef id="GARAGE_DOOR_OPENER" nls="GDO">
    <editors />
    <sts>
      <st id="ST" editor="GDO_ST" />
    </sts>
    <cmds>
      <sends />
      <accepts>
        <cmd id="DON" />
        <cmd id="DOF" />
        <cmd id="QUERY" />
      </accepts>
    </cmds>
  </nodeDef>
</nodeDefs>